{
  "early_stopping": true,
  "actual_epochs": 80,
  "best_epoch": 50,
  "best_from_results_csv": {
    "precision": 0.70915,
    "recall": 0.62256,
    "map50": 0.69859,
    "map50_95": 0.40572
  },
  "overall": {
    "precision": 0.7250777329956927,
    "recall": 0.6102850841846794,
    "map50": 0.6985026608122776,
    "map50_95": 0.40738163893354895,
    "f1": 0.6627474116071794
  },
  "classes": [
    {
      "class": "Caries",
      "precision": 0.6064288586825829,
      "recall": 0.518796992481203,
      "map50": 0.612042305456693,
      "map50_95": 0.4225805209570418,
      "f1": 0.5592005688682996
    },
    {
      "class": "Periapical_Lesion",
      "precision": 0.7751927170701013,
      "recall": 0.4467438401854094,
      "map50": 0.5960129724642578,
      "map50_95": 0.2545553409960977,
      "f1": 0.5668257803583499
    },
    {
      "class": "Impacted",
      "precision": 0.7936116232343939,
      "recall": 0.8653144198874259,
      "map50": 0.8874527045158819,
      "map50_95": 0.5450090548475072,
      "f1": 0.8279134373974572
    }
  ],
  "save_dir": "/root/results/v3_exp03_loss_ciou_nwd_cls01_yolov8n_e200_i960_b40_p30/best_val"
}